	_Lo_Whipa_Base_Comb.	_Lo_Whipa_Base_Comb.	_Lo_Whipa_Base_Comb.	ZIPA-T-SMALL	ZIPA-T-SMALL	ZIPA-T-SMALL	_Lo_Whipa_Large_Comb.	_Lo_Whipa_Large_Comb.	_Lo_Whipa_Large_Comb.	_Lo_Whipa_Base_ASC	_Lo_Whipa_Base_ASC	_Lo_Whipa_Base_ASC	ZIPA-T-LARGE	ZIPA-T-LARGE	ZIPA-T-LARGE	ZIPA-CR-NS-SMALL	ZIPA-CR-NS-SMALL	ZIPA-CR-NS-SMALL	Whipa_Large_CV	Whipa_Large_CV	Whipa_Large_CV	MultIPA	MultIPA	MultIPA	ZIPA-CR-NS-LARGE	ZIPA-CR-NS-LARGE	ZIPA-CR-NS-LARGE	_Lo_Whipa_Base_CV	_Lo_Whipa_Base_CV	_Lo_Whipa_Base_CV	Whipa_Base_CV	Whipa_Base_CV	Whipa_Base_CV	_Lo_Whipa_Large_ASC	_Lo_Whipa_Large_ASC	_Lo_Whipa_Large_ASC	_Lo_Whipa_Large_CV	_Lo_Whipa_Large_CV	_Lo_Whipa_Large_CV
	pred	PFER	anno	pred	PFER	anno	pred	PFER	anno	pred	PFER	anno	pred	PFER	anno	pred	PFER	anno	pred	PFER	anno	pred	PFER	anno	pred	PFER	anno	pred	PFER	anno	pred	PFER	anno	pred	PFER	anno	pred	PFER	anno
æ m ə t ə	amɾ	44.583	1	æmətʃə	20.0	4	æmæt͡ʂɛr	24.583	4	ʔamɪtʃar	64.167	2	æmətʃɜ˞	22.083	4	æmətʃɜ˞	22.083	4	AMAT͡ʂɯɾ	24.583	1	amɛt͡ʃø	7.5	2	æmətʃə˞	22.083	4	ɛmɛtɛr	23.333	1	ɒmɒt͡ʃɒ	10.0	2	æːmaːtˤʃr	30.0	2	amɛt͡ʂɛr	23.75	2
ɡ æ m b l ɪ ŋ	ɣɛmbːlɛŋːɕ	17.857	2	gæmbəl̴ɪŋ	14.881	4	gambling	16.667	2	ɣɑmblɪn	4.167	2	gæmbəl̴ɪŋ	14.881	4	gæmbəl̴ɪŋ	14.881	4	gɛmbɭiŋ	3.274	2	tembleŋ	5.06	2	gæmbəlɪŋ	14.286	4	gɛmbling	17.262	2	ɒgɒgɒn	34.524	1	 Gæmbling.	16.071	1	ɡambling	16.667	2
f l a ɪ	fʂɑi	6.771	2	fl̴aɪ	1.042	2	fwɨː	34.375	1	fjaj	7.812	2	fl̴aɪ	1.042	2	flaɪ	0.0	0	ɸɯɾaj	30.729	2	faj	27.083	2	fwaɪ	8.854	2	fɒj	28.125	2	ɕɛɾ	40.104	1	fly	28.125	1	ɸwaj	11.979	2
f ɪ ɡ ə	fɾiɣa	29.167	2	fɪgjɜ˞	27.604	4	figa	3.125	2	 Figu	5.208	2	fɪgjə˞	27.604	4	fɪgjə˞	27.604	4	figɛɾ	27.083	2	θeʝa	9.896	2	fɪgjə˞	27.604	4	θigɛ	5.729	2	θiɾgɯ	30.729	2	figur	30.208	2	figɯɾ	27.083	2
k ɛ n i	keːnɻiːnː	53.125	2	kɛni	0.0	0	keɲːi	5.729	2	kani	3.125	2	kɛni	0.0	4	kɛni	0.0	0	keɲːi	5.729	2	kæni	2.083	4	kɛni	0.0	0	keɲi	4.688	2	keɯɯ	11.979	1	 Keni	1.042	2	keɲi	4.688	2
s iː k w ɪ n	sikwɯn	1.389	2	sikwən	2.083	4	sikwɛn	1.389	2	siqwɪn	1.389	2	sikwən	2.083	4	sikwən	2.083	4	sɛɡɯɛn	6.25	2	sikon	20.139	2	sikwən	2.083	4	sikwon	3.472	2	seɲɲɲɲ	14.236	1	siːqwɪn	694	2	sɨkwɨn	2.778	2
l æ m b d ə s ɪ z ə m	lɾɾɣɣɣɣɣɣɣɣɣɣɣɣɣɣɣɣɣ	103.22	1	læmdəsɪzəm	9.091	4	lamdacism	22.159	2	lamdˤɪsˤɪm	29.167	2	læmdəsɪzəm	9.091	4	læmdəsɪzəm	9.091	4	lamdacism	22.159	2	lamdɛsɨzɛm	10.985	2	læmdəsɪzəm	9.091	4	lɒndɛsɛzɛm	11.932	2	ɒmɒkɒkɒkɒk	27.462	1	 Lambdacism	13.068	1	lamdɛcisɛm	13.068	2
ɡ l æ n d	klɛnd	2.5	2	gl̴ænd	833	2	gland	833	2	ɣlænd	833	2	gl̴ænd	833	2	gl̴ænd	833	2	ɡlɛɛnd	21.667	2	itɔland	45.417	1	glænd	0.0	0	klɛhɛnd	42.5	2	ɲɲɒkɒnːd	50.417	1	glæːnd	833	4	glɛnd	1.667	2
d iː p n ə s	tiːtiːpɳasː	37.153	1	dipnəs	694	4	diːpnɛsː	1.389	4	tɪpnæs	4.167	2	dipnəs	694	4	dipnəs	694	4	dipnäsː	2.778	2	tipnas	2.778	2	dipnəs	694	4	dɛjpɯnɛs	36.111	2	ɯd͡ɯɖɯɖɯɖɯ	52.431	1	deepnæs	20.139	2	dipnɛs	1.389	2
s w ɜː f i	swaɾfi	22.5	2	swɛɹfi	21.667	4	swaɾɕɛ	28.75	2	swärfi	22.5	2	swɛɹfi	21.667	4	swɛɹfi	21.667	4	sɯwɛɾɸi	42.5	2	sweɾfi	22.5	2	swɛɹfi	21.667	4	swaɾfi	22.5	2	sɯɒɒkɯsɯsɯsɯsɯsɯsɯsɯ	308.75	1	Swerfi	22.5	2	swɛɾfɛ	23.333	2
m ɒ l d iː v z	maudiːsː	21.726	2	moʊdiz	20.536	2	mɑwdis	21.429	2	mæwti	36.012	2	moʊdiz	20.536	2	moʊdiz	20.536	2	mɑudis	22.024	2	mäwde̞s	21.726	2	moldiz	15.476	2	mɒudis	21.131	2	mɯːɯːɯːɯɯɯɯɯɯɯɯ	94.94	1	maodiːth	12.202	2	mɒudis	21.131	2
f iː d ɪ ŋ	fiːdeːng	24.167	2	fidɪŋ	833	4	fiːdiŋ	833	2	feding	24.167	2	fidɪŋ	833	2	fidɪŋ	833	4	çiɾiŋ	7.917	2	fiːdin	4.583	2	fidɪŋ	833	4	fiɾiɣ	7.083	2	fiːdɯn	4.583	2	fiːriːn	8.333	2	fiːɾiŋ	3.75	2
l ə ʊ k ə s	lɑkæsː	21.181	2	loʊkəs	1.389	4	lɛwkɾɛsː	20.833	2	lækas	20.139	2	lukəs	18.056	2	l̴oʊkəs	2.083	2	lokɾɛs	12.5	2	løykøɕ	9.028	2	l̴oʊkəs	2.083	2	lokis	20.139	2	lɯkɯsɯsɯsɯsɯsɯsɯsɯsɯ	239.583	1	 Luːkɪs	20.139	2	lɯkɨs	18.75	2
f ɔː s	4s	47.222	1	fɔɹs	34.722	4	fo̞ːsː	2.778	2	faas	38.889	2	fɔɹs	34.722	4	fɔɹs	34.722	4	foɾs	36.111	2	foɾs	36.111	2	fɔɹs	34.722	4	foɾse	69.444	2	ɯɯsɯ	50.0	1	forːs	36.111	2	foɾs	36.111	2
ɒ f ɚ	oːoːoː	22.222	1	ɔf	36.111	2	ɔfːɛ	9.722	2	ʕθæʕθæʕθæʕθæʕθæʕθæʕθ	579.861	1	ɔf	36.111	1	ɔfɜ	9.722	2	ɔfɛ	8.333	2	ɔfɛ	8.333	2	ɔfə	9.722	2	ɒtɒrɒ	78.472	1	ɒtːɒ	13.194	2	ʔafːa	43.056	2	ɔfɛ	8.333	2
k uː m	täwäwäwäwäwäwäwäwäwä	586.806	1	koʊm	37.5	4	komb	37.5	2	 kæm	8.333	2	koʊm	37.5	4	koʊmb	70.833	4	kɛmbɛ	75.0	1	kɛw	18.056	2	koʊmb	70.833	4	kɒnbɒn	108.333	1	ko̞ːbɯːbɯkɯːbɯkɯbɯkɯ	438.889	1	koʔm	37.5	2	comb	38.889	2
b ɛ l t ɪ d	bɑltɑd	5.556	2	bɛl̴tɪd	694	4	bɛltɨd	1.389	4	 beltɪd	694	2	bɛltəd	1.389	4	bɛl̴tɪd	694	4	bɛltɛd	694	2	bɛlt͡sɨd	2.778	2	bɛltəd	1.389	4	bɛltɛd	694	2	beɒtɒtɒd	40.278	1	belted	2.083	2	bɛltɛd	694	2
s p ɹ ɪ t	sprɖɖɕ	30.833	2	spɹɪt	0.0	0	ʂpɾɛt	4.583	2	ʃbrit	6.25	2	spɹɪt	0.0	0	spɹɪt	0.0	0	ʃpɾɛtː	6.25	2	spɨt͡ɕ	25.833	2	spɹɪt	0.0	0	spɾit	3.75	2	spɯɯɖɯ	27.083	1	sprit	3.75	2	spɾɛt	3.75	2
p ɜː ɹ d͡ʒ ə ɹ i	pɕɕɕwɛjːoːiː	45.833	1	pɜ˞dʒəwi	8.929	2	pɕɛɾd͡ʒɯiɾi	34.524	2	ʔæːdʒæri	13.393	2	pə˞dʒu	36.607	1	pa˞dʒuɪ	24.702	4	pɛɾd͡ʒɯɾi	5.952	4	pad͡ʒmi	34.524	2	pə˞dʒuwɪ	11.905	2	paɾd͡ʑoɾi	7.738	2	pɒd͡ʒɯɾ	33.631	2	pæːʒuːri	22.321	2	paːd͡ʒɯi	30.357	2
d e ɪ v ɪ s	dɑvæs	20.486	2	deɪvəs	1.389	4	davis	18.75	2	dɪːvis	18.056	2	deɪvəs	1.389	4	deɪvəs	1.389	4	dɛvis	18.056	2	teːvɛs	18.75	2	deɪvəs	1.389	4	dɛvis	18.056	2	dɛvɛs	18.056	2	dæːviːs	19.444	2	dɛivɛs	2.083	2
iː t ə	iːtɾoːm	70.833	1	eɪtɜ˞	39.583	2	ʋiːtːa	37.5	1	ʔiːtaʔ	69.444	2	itə	1.389	4	itə	1.389	4	itä	4.167	4	ita	4.167	4	itə	1.389	4	ɾitɯɾ	69.444	2	itɯːɯ	36.111	2	 Ita	4.167	2	itɛ	2.778	2
p ɪ n k ʊ ʃ n̩	pinkɯʂɻn	16.667	2	pɪnkʊʃən	14.881	4	pincushion	47.024	1	pinkːasʃæ	21.726	2	pɪnkʊʃən	14.881	4	pɪnkʊʃən	14.881	4	piɴkɯʂɨn	18.75	2	pinkɛɕni	18.452	2	pɪnkʊʃən	14.881	4	pinkøʃe	5.655	2	pinkøʋɛʋɛ	38.69	1	 Pincushion	47.024	1	pinkɾɕɛn	21.429	2
ʌ n l i ʃ	hænliʃ	21.667	2	ənlɪʃ	1.667	2	anliʃ	833	2	ɣɑnliʃ	21.25	2	anlɪʃ	1.667	2	anlɪʃ	1.667	2	anliʃ	833	2	anliʃ	833	2	ənlɪʃ	1.667	2	ɒnliʃ	1.667	2	ɒnliʃ	1.667	2	 Anliʃ	833	2	anliːʃ	1.667	2
ɪ n d ɪ t ɜː ɹ m ɪ n ə t	indɑtɑrmɑnɑt	6.771	2	ɪndɪtə˞mənət	10.243	4	inditːɛrminɛt	3.646	2	ʔindaterminit	13.715	2	ɪndɪtə˞mənət	10.243	4	ɪndɪtɜ˞məneɪt	11.806	4	inditɛɾminit	3.993	2	je̞ndɨ͡ʂamɛnɨ	26.736	1	ɪndɪtə˞mənɪt	10.937	4	indɛtɾmini	19.965	2	indɯtɯtɯtɯɯtɯ	20.833	1	 indeterminate	12.674	1	indetɛrminɛt	3.646	2
m ə ʊ t ə ɹ b a ɪ k	moːtäbäikː	22.917	2	moʊtɜ˞baɪk	11.875	4	mɔːtɔrbikɛ	20.208	2	 motorbike	20.625	1	moʊtɜ˞bɹaɪk	8.125	2	moʊtɜ˞baɪk	11.875	4	moɻɻɯɾbike	15.0	2	mørybɛk	35.417	2	moʊtə˞baɪk	11.875	4	moɾebɯk	33.958	2	mɯːɯɯɯɯɯɯɯmɯɯɯɯ	52.5	1	 motorbike	20.625	1	mo̞to̞bɯɾɯkɯ	23.542	2
p ɒ l ə n	poːoːoːoːm	33.333	1	pɑl̴ən	2.083	4	pɔlːɪn	4.167	2	 Pollæn	23.333	2	poʊl̴ən	21.667	2	poʊl̴ən	21.667	2	pɔlɛn	2.5	4	pɔwɔn	9.583	2	poʊlən	20.833	2	poːlɛn	2.5	2	poɒn	23.333	2	 poln	20.833	2	pɔlɛn	2.5	2
b o ʊ s t ɚ	boːstaː	21.528	2	boʊstə	3.472	2	boːstɛ	20.139	2	boːstæ	20.139	2	boʊstɜ˞	1.736	2	boʊstə˞	1.736	4	boːsta	20.833	2	bɨystɛ	6.25	2	boʊstə˞	1.736	4	boːstɒ	20.139	2	bɯɒstɒ	6.944	2	boːstˤɑ	21.181	2	bɔɕtɛ	22.917	2
ɪ n t ɜː p ɹ ə t e ɪ ʃ ə n	intɛpɾɛtɛtɕiːp	9.135	2	ɪntɜ˞pɹɪteɪʃən	1.763	4	intarpetaːʂːɛn	16.506	2	ʔinterpratɪtʔiːn	25.481	2	ɪntɜ˞pɹɪteɪʃən	1.763	4	ɪntɜ˞pɹɪteɪʃən	1.763	4	intɛrpɯɾtɛʂɛn	11.058	2	ent͡ʃaɾpɯte̞son	17.147	2	ɪntə˞pɹɪteɪʃən	1.763	4	intɒrpɾɯteːt͡sɯn	16.827	2	intɛpɯtɛt͡ʃi	26.282	2	ɪntarprataʃin	15.865	2	intɛrpɯɾtɛjɕɛn	14.583	2
ə ʊ d ɒ m ə t ə	oːdːoːmɑdːaːnɑtɕ	50.26	1	oʊdɑmətə	1.823	4	ɔdɔmɔdɛr	28.125	2	ʔædˤɑmɑdˤɑr	22.656	2	oʊdɑmətə˞	3.125	4	oʊdɑmədə˞	3.646	4	oɖɖamɛdɛɾ	21.094	2	audawmɛdɛɾ	29.167	2	oʊdɑmədə˞	3.646	4	ɒdɒmɛdɒ	16.667	2	ɒ̪ɒ̪ɒɒɒɒd̪ɒmɒd̪ɒɒd̪ɒ	95.312	1	odæːmɪdr	20.312	2	o̞dɒmidɛr	28.646	2
a ɪ ə ɹ l ə n d	iɾɪnd	40.365	2	aɪl̴ənd	25.521	4	ɑːlɛnd	38.802	2	ʔiːlænd	30.729	2	aɪl̴ənd	25.521	4	aɪɹl̴ənd	13.021	4	ɛilɛnd	27.604	2	ailand	26.563	2	aɪl̴ənd	25.521	2	ɒlɒnd	39.583	2	iːlɛndɛ	35.677	2	ʔæːjlænd	21.094	2	ɑiland	26.823	2
b e ɪ ɡ	päɣ	29.167	2	bæg	26.042	4	bæːg	27.083	4	ʔːbæːʕ	21.875	2	bæg	26.042	4	bæg	26.042	4	bäg	27.083	4	pæːɡ	28.125	2	bæg	26.042	4	bɛɡ	26.042	4	bɒɒɡ	8.333	2	bæg	26.042	4	bæɡ	26.042	4
ɪ ɡ z æ k t ɪ ŋ	ɾɣzaktɣtɕi	34.896	2	ɪgzæktɪŋ	0.0	0	eːgzaktːɛjn	17.708	2	ʔiʃaktɪn	11.198	2	ɪgzæktɪŋ	0.0	0	ɪgzæktɪŋ	0.0	0	ikzaktiŋ	2.083	2	iɡzakt͡sɛɲi	15.625	2	ɪgzæktɪŋ	0.0	0	ɛgzɛktɛn	4.427	2	exakt	40.104	1	exacting	22.396	1	eksaktiŋ	3.125	2
s t ɛ l ə	täɕimäɕimäɕimäɕimäɕi	314.167	1	stɛlɐ	1.667	4	stɛllɑ	22.083	2	ʔæːrrrrrrrrrrrrrrrrr	300.417	1	stɛl̴ə	833	4	stɛl̴a	2.5	4	stɛla	1.667	4	stɛlæ	2.5	2	stɛla	1.667	4	ɾɯtɯtɯ	29.583	1	ɒkɒtɒtɒtɒtɒtɒtɒtɒtɒt	310.833	1	stella	22.5	2	stɛlɛ	833	2
v æ n ə d e ɪ t	vɛnɛdːɛtːɛtː	16.146	1	vænədeɪt	0.0	0	vaːnɛdate	10.938	2	vanadat	15.104	2	vɛnədeɪt	1.042	4	vænədeɪt	0.0	0	vɛnɛdaɾɛtɛ	28.125	1	vɛnadejt	3.125	2	vɛnədeɪt	1.042	4	vɛnidate	11.979	4	vɯnɯdɯtɯtɯtɯtɯtɯtɯtɯ	154.687	1	 vanadate	10.938	2	vänidät	15.625	2
b e ɪ l f ə l	bɭjɭfɭ	22.619	1	beɪl̴fəl̴	1.19	4	bailful	4.167	2	bajlfo	17.857	2	beɪl̴fəl	595	4	beɪl̴fəl̴	1.19	4	bailful	4.167	2	bɛjɔwfɔ	20.238	2	beɪlfəl	0.0	0	bɛjilfo	18.75	2	bɒilfɒb	7.44	2	 Bæjlfæb?	6.845	2	bailful	4.167	2
f l ə m ɛ ŋ k ə ʊ	flɑmɑntoː	19.444	2	fl̴mɛŋkɜ˞	22.917	2	flamenco	15.972	2	flamant	28.704	2	fləmɛŋkoʊ	926	4	fl̴əmɛnko	14.583	2	flamenko	15.509	2	flɛmɛnkɛ	14.12	2	flɛmɛnkoʊ	3.472	2	flɛmɛnto	16.667	2	flɒmɒnɒnɒn	25.463	1	flamenco	15.972	2	flamɛŋko	12.963	2
ɪ d i j ə ʊ f ə ʊ n	aɾɭɭɭɭɭfäɳ	24.583	1	aɪdiəfoʊn	17.708	4	idːɛɔfɔɾn	25.417	2	ʔiːdejrafo̞n	23.75	2	aɪdiəfoʊn	17.708	4	aɪdiəfoʊn	17.708	4	idɛjɛfɛwn	13.333	2	ajdɨɛfan	28.125	2	aɪdɪɹfoʊn	18.333	2	ɒideːɛfoɾn	21.458	2	ɒgɒgɒgɒgɒgɒgɒg	57.917	1	iDeafone	29.167	1	idɛɛfɛɾɴ	26.875	2
b ɪ f ɔ l ə n	bɑfɑlːɑn	6.845	2	bəfɑlən	3.274	4	befalan	4.167	2	 Bifalːin	4.762	2	bəfɑlən	3.274	4	bətfɑl̴ən	18.155	1	bɨfɔlɛn	1.786	2	bɛfɔwɛn	6.25	2	bɪfɑlən	2.083	4	bifɒlːin	4.167	2	bɛfɒlɛn	2.381	2	befaln	17.262	2	bɯfɔlɨn	1.786	2
p ɑː s ɛ k	pɕɕɕɕ	25.833	1	pɑɹsɛk	20.833	4	pɕɑrsɛk	40.833	1	ɑːsˤɑq	24.583	1	pɑɹsɛk	20.833	4	pɑɹsɛk	20.833	4	pɑrsek	21.667	2	phɒrsɛk	42.083	2	pɑɹsɛk	20.833	4	paɾsɛk	21.25	2	pɒkɒkɒkɒtɒk	127.083	1	parsek	22.083	2	paɾsɛk	21.25	2
f l iː ɚ	liːa	30.208	2	sl̴	53.646	1	flɛɛɾ	32.292	2	ɣːæːræːræːræːræːræːr	242.188	1	fl̴ɪɹ	7.812	2	flia	6.25	2	fɯɾiɛɾ	57.812	2	slijɛ	31.771	1	flia	6.25	2	ɾia	33.854	1	ɒn	63.542	1	 fliːr	7.292	4	fleɛɾ	31.25	2
ɡ o ʊ l d b ɚ ɡ	ɣoːɻɻɻɻɪk	13.542	1	goʊl̴dbɜ˞g	1.823	4	ɡolɛbɛɾɡ	15.365	2	ɪd	76.042	1	goʊldbə˞g	1.302	4	goʊl̴dbə˞g	1.823	4	ɡoʋoɻdbɛɾɡ	29.688	2	go̞ːdbeːk	28.125	2	goʊldbə˞g	1.302	4	goldbɛrɡ	14.062	2	ɲɲɲɲɲɲɲɲɲɲɲɲɲɲɲɲɲɲɲɲ	172.917	1	goldberg	14.062	2	goldbɛɾɡ	14.062	2
v ɒ n d ə v ɔː t	mondarwːat	21.354	2	wɑndəwət	9.115	2	wɔndo̞wɔtː	10.417	2	mændawæːt	9.896	2	wʌndə˞wʌt	11.198	2	mɑndə˞wɔt	8.333	2	ʋonɖɛwotː	9.115	2	mɔndɔwɔt	7.812	2	wʌndə˞wɔt	10.156	2	monɒwɒt	21.875	2	ɯɯɯɯ	58.333	1	Wonder what?	35.417	1	wɔndɔwɔt	9.375	2
b ɪ ʃ ə ʊ d͡ʒ ə ʊ	taiʃoʒoʃoʃ	37.5	1	paɪʃoʊʐoʊ	16.667	2	baiɕouʐou	19.792	2	tajʃoʒo	27.344	2	paɪʂoʊʂoʊ	17.708	2	paɪʂoʊʐoʊ	17.188	2	bajʂoʐɾo	17.188	2	pajʂɔwʐɔ	20.833	2	paɪʂoʊʂoʊ	17.708	2	päiɕoːzo	29.688	2	dɲɲɲɲɲɲ	34.375	1	 Byeʃoʒo	25.521	1	taiɕɛʂɛ	30.469	1
v ɛː ɹ i ə n s	vɛjɛnts	10.119	2	vɛɹiənts	14.881	4	vaɾjant͡s	8.036	2	variːns	19.345	2	vɛɹiənts	14.881	4	vɛɹiənts	14.881	4	veɾijɛnt͡s	19.345	2	vɛwjɛns	5.06	2	vɛɹiənts	14.881	4	vɛɾiɒt͡sɯ	13.095	1	vɾiɾiɾɯt͡sɯ	41.667	1	 Variants	19.94	1	vaːɾiaɴt͡s	8.333	2
s ɪ s t ə h ʊ d	sɾɑd	53.646	1	sɪstə˞hʊd	1.302	4	sɯstɾɛxɔd	15.104	2	sisterhæd	16.667	2	sɪstə˞hʊd	1.302	4	sɪstə˞hʊd	1.302	3	siʂtɛrxɯd	15.625	2	sistøhɒd	3.646	2	sɪstə˞hʊd	1.302	3	sɯsɯtɾɯhɒd	27.604	2	sɒkɒtɒtɒtɒtɒtɒtɒtɒtɒ	160.156	1	sisterhood	27.604	1	sɨstɛɾxɔd	15.625	2
b ə l ɒ n j ə	pɛloːnja	3.571	2	bəl̴oʊnjə	15.476	4	bɨloɲja	5.06	2	baloːnja	3.571	2	bəl̴oʊniə	16.667	4	bəl̴oʊniə	16.667	2	bɛlɒɲja	3.869	2	pelonja	3.571	2	bəloʊnjə	14.881	4	beloɲja	5.06	2	pɒnɒnja	5.357	2	 Bilonja	3.571	1	bɨloɲja	5.06	2
s p ɒ t ə	spotːoːnː	24.167	1	spɔtɜ˞	3.75	4	spotːɕa	23.333	1	sˤbɑtˤɑ	5.833	2	spɑtɜ˞	3.333	2	spɑtɜ˞	3.333	2	spɒtːɑi	22.917	2	spɔt͡ʂa	4.583	2	spɑtə˞	3.333	4	spɒtɒn	22.5	2	ɲɲɲɲ	43.333	1	 Spot on!	22.5	1	spotɾ	6.667	2
ɔː d æ k s	o̞ɾäːtɕ	13.333	2	ɑdæks	3.75	4	ɔdaxs	2.5	2	ʔadæːs	27.5	2	ɑdæks	3.75	4	ɑdæks	3.75	4	ɔdaɾks	21.667	2	ɔɾaks	4.583	2	ɑdæks	3.75	4	ɒdɒks	4.167	2	o̞ːd̞ɒsː	23.333	2	 Odax.	23.333	1	ɔdaxt͡s	4.167	2
w ʌ n d ə ɹ f ʊ ɫ	tɛːtɛːnɛtɛːnɛtɛːnɛtɛ	91.667	1			1	wɾaɾɯdɯbo̞ː	24.074	1	 A A A	69.907	1			1	f	88.889	1	hɑndɯfɔ	26.157	2	ɳapo	59.028	1	fu	78.704	1	nantɯtɯtɯtɯtɯtɯtɯtɯt	134.491	1	ɒn̪ɒn̪ɒn̪ɒn̪ɒn̪ɒn̪ɒn	71.296	1	 Hæːnæːfæː	41.667	1	wɕondɯfɔl	16.435	1
k ə m p ɛ l d	kɛmpɛlt	1.19	2	kəmpɛl̴d	595	4	kɛmpɛlːed	15.476	2	kampalːad	17.857	2	kəmpɛl̴d	595	4	kəmpɛl̴d	595	4	kɛmpɛld	595	2	kɨmpɛwd	6.25	2	kəmpɛld	0.0	0	kɯpɛlt	15.476	2	kɯɾɯt	34.524	2	kampelːd	2.381	2	compɛld	1.786	2
l ɑː s t	læst	2.604	4	l̴æst	3.646	2	blast	26.562	1	 last	1.562	4	læst	2.604	4	læst	2.604	4	blast	26.562	1	laːst	521	4	læst	2.604	4	last	1.562	4	last	1.562	4	 Blast	26.562	1	blast	26.562	1
ə p ɪ ə	pɛpɛjɛr	78.125	1	əpɪɹ	6.771	4	apːiːɾ	12.5	2	ʔafːiːrʔafːiːrʔafːiː	259.375	1	əpɪɹ	6.771	4	əpɪɹ	6.771	4	apːiɾ	11.458	2	apiːr	11.458	2	əpɪɹ	6.771	4	ɒpeɾ	12.5	2	ɒpɛɾ	11.458	2	ʔapiːr	36.458	2	apːiɾ	11.458	2
v ɒ ɡ	vɣoːɣ	37.5	2	vɔg	2.778	4	vɔɡ	2.778	4	fong	36.111	2	hɔg	11.111	2	vɔg	2.778	4	fɔɡ	4.167	2	vɔɡ	2.778	4	vɔg	2.778	4	vɒɡ	0.0	4	vɒɡ	0.0	0	 wog	11.111	2	fɔɡ	4.167	2
s k ɪ t ə l z	sɯtɯs	30.357	1	skɪtəl̴z	595	4	skɨtːlɨs	10.714	2	skittls	6.25	2	skɪdəl̴z	1.19	4	skɪtəl̴z	595	4	skitːɛls	2.381	2	skeɾos	19.94	2	skɪdəlz	595	4	skittos	10.714	2	skidol	16.667	2	skittles	20.536	2	skɨttlɛs	21.131	2
t ɹ ɪ m ə	tɾɕimːɾɕimːɕ	107.083	1	tɹɪmə	0.0	0	tɾɛmːɛ	5.417	2	trama	7.917	2	tɹɪmɜ˞	2.083	4	tɹɪmə	0.0	0	tɾɛmːɛ	5.417	2	tʂɨma	9.167	2	tɹɪmə	0.0	0	tɾɛmɒ	6.25	2	tɯɾɯmɯ	24.583	1	 Trimmer	45.417	1	tɾɛma	5.417	2
æ p l̩	ɕpɔf	56.944	1	æpəl̴	36.111	4	ɑpːo	12.5	2	ʔɪtʔæʔ	115.278	1	æpəl̴	36.111	4	æpəl̴	36.111	4	aʔpo	43.75	2	apo	10.417	2	æpəl	34.722	4	kɯpof	81.25	1	ɒbɒ	14.583	2	 Apo.	10.417	1	aʔuɲ	53.472	1
ɡ ə z ɛ t	kɣɣɣɣɣɣɣɣɣɣɣɣɣɣɣɣɣɣɣ	320.0	1	kəzɛt	833	2	ukɛzat	24.167	1	ɣɑzæt	4.583	2	gəzɛt	0.0	0	kəzɛt	833	2	ukizːatː	27.5	1	kɨzɛt	2.5	2	kəzɛt	833	2	ɾkizɛt	23.333	1	kɯzɯt	3.333	2	 uːkɪzæːt	25.0	2	ukɛzɛtː	22.5	2
ɔː b ɪ t l̩	oːtɾoː	33.75	1	ɔɹbətəl̴	44.167	2	ɔrbitɔ	27.083	2	ʔæːbɪtʕæːrʔæːbɪtʕæːb	226.25	1	ɔɹbətəl	43.333	2	ɔlbɪtəl	41.667	2	uɾbɨtɛl	45.833	2	ɔbɨt͡sɔ	9.583	1	ɔɹbətəl	43.333	2	oːbitol	22.5	2	ɒbɒtɒn	30.0	1	 orbital	43.333	2	oɾbitɔl	43.333	2
s a ɪ̯ k ɒ p ə θ ɒ l ə d ʒ ɪ	sikopɑθolɑʒi	17.262	2	saɪkoʊpəθɑlədʒi	8.482	4	psychopathology	23.512	1	 Psychopæθælɪg	23.512	1	saɪkoʊpəθɑlədʒi	8.482	4	saɪkoʊpəθɑl̴ədʒi	8.78	4	sɛjkːoːpɛθoɭod͡ʒiː	12.351	2	ɕsaɲkɨwpɛfɔnɨd͡ʒɛj	23.512	1	saɪkopəθɑl̴ədʒi	1.637	2	psikopoθolid͡ʑi	15.179	2	ɲɲɲɲɲɲɲɲɲɲɲɲ	36.756	1	sæjkːoːpaθˤɑlːaʒiː	11.458	2	sɾɛjkɔpɯθɔlɔd͡ʑi	18.452	2
h æ m ə k ɹ a ɪ s ɒ s	hæmɑkɾɑsos	11.932	2	hæmeɪkɹaɪsəs	10.985	2	xamːɛkːɾɑisɔsː	5.303	2	hama kræsas	12.311	2	hæməkɹaɪsəs	1.136	4	hæməkɹaɪsɔs	758	4	hæmːɛkrɛisosː	4.356	2	xamɨkɾɔisɔs	5.492	2	hæməkɹaɪsəs	1.136	4	hɛmɒkrysɒsɒs	16.098	1	hɯmɯkɯɾaiseos	22.159	2	hamːɪkraisˤɑs	4.167	2	hämɛkɾɑisɔs	3.409	2
m ɪ n ɪ m a ɪ z	minɣmɣiːzːɕːɪːsː	44.271	1	mɪnəmaɪz	1.042	4	minimise	10.417	1	 minimɪːs	14.583	2	mɪnəmaɪz	1.042	4	mɪnəmaɪz	1.042	4	minimize	9.896	1	minmais	14.063	2	mɪnəmaɪz	1.042	4	minimais	2.083	2	minimisei	20.052	1	 Minimise	10.417	1	minimize	9.896	1
h ə m ɒ d͡ʒ ɪ n ə s	hɣɣɣɣɣɣɣɣɣɣɣɣɣɣɣɣɣɣɣ	145.139	1	hɑɹmɑɹdʒinəs	36.574	2	xamod͡ʒinus	4.63	2	hamaʒːinas	4.167	2	hoʊmədʒənəs	26.389	2	hɑʊmɑdʒənəs	25.694	4	hɛmɒd͡ʒɛnɛs	1.389	2	xamadd͡ʒnɛs	9.028	2	hoʊmədʒənəs	26.389	4	hɒmɒdjɛnɒsɛ	27.315	2	ɲɲɲɲɲɲɲɲɲɲɕ	45.37	1	 homogenous	16.898	1	hɯmod͡ʑinɛs	2.315	2
k æ p t ɪ n	keːtɕapːtɕɪn	68.056	1	kæptən	1.389	4	kjaptɛn	18.056	2	 kæːptæ	19.444	2	kæptən	1.389	4	kæptən	1.389	4	kɑptɛn	1.736	2	kaptɨn	2.083	2	kæptən	1.389	4	kaptɯn	1.389	2	kɒpɒtɒn	21.528	2	kæptn	16.667	2	kɛptɛɲ	4.514	2
p æ s t ɹ ɑː m i	pɕɕdɕɕwːɑːmjɑː	49.479	1	pɑstɹɑmi	1.302	4	pastɾɑːmuː	4.427	2	pa strɑːamjæ	28.385	2	pæstɹəmi	1.823	2	pəstʃɔmju	21.615	1	pɔstɾɔːmju	19.271	1	pɛst͡ɕawami	19.271	2	pəstɹɔmju	17.448	1	pɯstɕɾomju	31.771	1	pɒkɒkɒkɒkɒk	54.688	1	 Pastræːmjuː	16.667	1	pɯst͡ʂɾamju	19.01	1
k ɒ n t ɪ ɡ j uː ɪ t i	kɯntɛɡjɯtɛ	12.121	2	kʰəntɕikitɕi	15.909	2	kɯnt͡sɨgjɛt͡sɨ	13.636	2	kɪnʒiːtiː	41.288	1	kəntɪgjuti	10.606	2	kəntɪgjuti	10.606	2	kɔnt͡ɕɛɡjɛd͡ʑi	14.773	2	kɯnt͡sigjit͡si	12.879	2	kʰəntɕigjutɕi	16.856	2	kɯnt͡ʑigjɯt͡ɕi	14.583	2	kɯɯɯkɯt͡ɕigɯt͡ɕi	24.053	1	kantɪgjiː	28.03	2	kɯnt͡sɯgjut͡ɕi	14.015	2
ɛ p ɪ k j ʊ ə ɹ iː n̩	epakirien	18.75	2	ɛpəkjʊɹiən	7.5	4	epikʲɛkʲɛjɛn	8.542	1	ʔapakariːn	23.542	2	ɛpəkjʊɹiən	7.5	4	ɛpəkjʊɹiən	7.5	4	epikɯɾiɛn	17.708	2	ɛpøkjyːɻjen	7.5	2	ɛpəkjʊɹiən	7.5	4	epicureiɾiɾin	37.292	1	ɲɲɲɲɲɲɲ	44.375	1	epikirjiːn	16.458	2	ɛpɯcuriɛn	18.125	2
v e ɪ n	væiːnːdːɑ	54.167	1	veɪn	0.0	0	vɛin	2.083	2	faɪn	3.125	2	veɪn	0.0	0	veɪn	0.0	0	vɛjn	3.125	2	vɛjnd	28.125	2	veɪn	0.0	0	veiɾn	26.042	2	vɒːɒn	9.375	2	vain	3.125	2	vɛjn	3.125	2
j ɑː m ə t ə ʊ	jɑːnɑtɑːr	9.821	1	jɑnɑtoʊ	4.762	2	jaːnɯtoː	18.452	2	jæːmata	17.56	2	jɑɹmətoʊ	16.071	2	jɑmətoʊ	1.786	4	jaːnatoː	19.048	2	janut͡ʂɛr	11.012	1	jɑnətoʊ	3.274	2	jamɛtɛr	6.845	2	jɒmɒtɒɾ	9.821	2	jæːmaːtˤoː	19.345	2	jaːmɯtoː	16.964	2
p ɹ ə ʊ b e ɪ t	pɾoːbɑjtɑt	27.604	1	pɹoʊbeɪt	1.042	4	pɾɯbɾeːd	20.052	1	 Prwbajt	17.969	2	pɹoʊbeɪt	1.042	4	pɹoʊbeɪtʒ	13.542	2	pɾoɾɛɾɛt͡ɕ	16.406	1	tfɔɯbɛjd͡ʑ	11.458	1	pɹoʊbeɪt	1.042	4	pɾɯbɛjt	16.406	2	pɯbɯbɯt	20.052	1	 ProBrand	16.146	1	pɾoːbɛɡɛ	23.438	2
k l ɔː d	klod	2.083	2	kl̴ɔd	2.083	2	klɔd	1.042	4	 klawd	29.167	2	kl̴ɔd	2.083	2	kl̴oʊd	28.125	2	kloɾɛd	52.083	1	xlod	3.125	2	kl̴ɔd	2.083	2	klod	2.083	2	klɯɯɖ	29.167	2	 Claude	55.208	1	klɒd	3.125	2
æ n ɪ m ə l z	animolːsː	4.167	2	ænəməl̴z	1.786	4	aɲimo̞ːs	19.94	2	ʔanimolʔas	45.833	2	ænəməlz	1.19	4	ænəməl̴z	1.786	4	animals	2.976	2	animous	8.631	2	ænəməlz	1.19	4	animols	2.976	2	ɒnimolːs	4.167	2	animals	2.976	2	aɲimɔls	4.464	2
s ɛ p t ə n d ə s ɪ l i ə n	sɾsɑptɑndɑsːiːljɑn	19.048	1	sɛptɛndɪsɪl̴iən	1.19	2	sɛptɛndɛsːiljɛn	2.083	2	sabtandasiljɪn	3.869	2	sɛptɪndɪsɪl̴iən	1.488	4	sɛptɛndə˞sɪl̴iən	1.339	2	sɛptɛndɛsːiljon	2.381	2	sɛptɛndɨsiljɛn	2.083	2	sɛptənddɪsɪl̴iən	8.036	2	sɛptɛndɛsiljɛn	1.786	2	sepːɴdɯsɯːɴdɯsɯlːɯːn	24.851	1	septendasyljɪn	3.571	2	sɛptɛndɛrsiɾijɛn	16.22	2
ə k ɪ n	akɲiːn	29.167	2	eɪkɪn	27.083	4	ɔkːɛn	3.125	2	ʔakɪn	27.083	2	əkɪn	0.0	0	eɪkɪn	27.083	4	ɛkːin	3.125	2	akiːn	4.167	2	əkɪn	0.0	0	ɒkin	4.167	2	ɯkɯn	2.083	2	a kin	3.125	1	ɛkːiŋ	7.812	2
w ɪ n d b ɹ e ɪ k ɚ	wɯnbräikeːɾ	17.083	2	wɪnbɹeɪkɜ˞	11.042	4	wɨnbrɛjkɛr	17.083	2	winbraker	21.875	2	wɪnbɹeɪkə˞	11.042	4	waɪndbɹeɪkɜ˞	11.042	2	ʋiɳbɾɛkɛr	23.958	2	wɨnbwajkɛ	16.042	2	wɪnbɹeɪkə˞	11.042	4	winbraikɯɾ	15.833	2	ɾɾɒkɯɾ	52.292	1	 Windbreaker	14.792	1	windbreaker	14.792	1
ɡ ɑː n d i	ɣaːndiː	2.083	2	gɑndi	833	4	gaːndi	417	4	ɣɑndi	1.667	2	gɑndi	833	4	gɑndi	833	4	ɡaːndi	417	4	käːndi	1.25	2	gɑndi	833	4	ɡaːndi	417	4	ɯgɯɯɯɯgɯgɯgɯgɯgɯgɯgɯ	314.583	1	 Ghandi	21.25	1	gaːndi	417	1
d æ f ə d ɪ l	daθadil	4.464	2	dɛfədəl̴	2.976	2	dafɯdil	1.786	2	dafiːdil	3.571	2	dɛfədəl	2.381	2	dɛfədəl	2.381	2	dæfidil	2.381	2	dɛfɨdo̞ː	19.643	2	dɛfədəl	2.381	2	dɛfɛdɛl	2.381	2	ɒdɒdɒdɒdɒɒdɒl	94.94	1	dafidl	16.667	2	dɛfɛdil	2.381	2
t ɹ e ɪ n ɪ ŋ	tʂɻeːnɯːnɯ	26.19	2	tɹeɪnɪŋ	0.0	0	tɾeːniːŋ	18.155	2	tˤɪːnɪ	44.048	1	tɹeɪnɪŋ	0.0	0	tɹeɪnɪŋ	0.0	0	t͡ɾeːɲiŋ	32.738	2	t͡ɕwe̞ːnin	23.81	2	tɹeɪnɪŋ	0.0	0	trɒini	19.345	2	tɯɾɯɖɯtɯtɯtɯtɯtɯtɯtɯ	195.536	1	 treːniː	32.44	2	tɾɛɲɛɲ	20.238	2
ə b l ɪ v iː ə s	abliːjas	17.188	2	əbl̴ɪviəs	1.042	2	oblivius	4.167	2	ʔabliːs	36.719	2	əblɪviəs	521	4	əblɪviəs	521	4	ɛblivios	2.604	2	ableviɛs	3.125	2	əblɪviəs	521	4	abliɾiɾis	19.271	2	ɒbɯɖiɒsɯ	25.0	1	abliviːuːs	4.167	2	ɛblivious	15.104	2
f ɑː ɹ d ə l	fɖo	52.083	2	fɑdəl̴	18.056	4	fad͡ʒal	21.875	2	fɑːdˤɪl	18.75	2	fɑdəl̴	18.056	4	fɑdəl	17.361	4	fad͡ʒɛl	21.181	2	faʐɔ	37.153	1	fɑdʒəl	6.944	2	faɾdɒl	5.556	2	ɒdɒl	37.153	1	 Fæːdˤl	35.069	2	fad͡ʒɒl	22.569	2
w ɒ l ə b i	wolabe	2.778	2	wɔləbi	1.389	4	wɔlɯbi	2.083	2	walabi	2.083	2	wɔləbi	1.389	4	wɔl̴əbi	2.083	4	wɔlɒbi	3.472	2	vɔlabi	7.639	2	wɑləbi	1.042	4	moːlɒbi	8.333	2	ɲolɒbi	6.944	2	 Wallaby	20.139	1	wallaby	20.139	1
t ɹ a ɪ p ɑː t a ɪ t	tʂɻaɣːaːtaːtːɕ	16.875	1	tɹaɪpɑɹtaɪt	10.417	4	tɾipaːtːajt	13.333	2	tɑjpartajt	16.458	2	tɹaɪpətaɪt	1.458	2	tɹaɪpɑɹtaɪt	10.417	4	t͡ɾipaːtite	29.167	2	t͡ɕwaɲpat͡sajt	8.333	1	tɹaɪpɑɹtaɪt	10.417	4	tɾipaɾtajt	13.75	2	tɾɾɛtɾaːtɛt	17.708	1	tripartite	20.833	1	tɾipɔɾtajt	13.75	2
f æ m ɪ l i	sameli	3.819	2	fæmli	16.667	4	familij	18.056	2	samːalɪ	6.597	2	fæml̴i	17.361	2	fæml̴i	17.361	2	familji	18.056	2	famili	1.389	2	fæməli	1.389	4	sameɾi	5.556	2	ɯːɯːɯːɯːɯːɯːɯːɯːɯːɯː	92.708	1	fæːmiliː	2.083	2	familj	2.778	2
p l æ n	pɾäɴ	7.292	2	pl̴æn	1.042	2	plɑn	1.562	2	plin	2.083	2	pl̴æn	1.042	2	pl̴æn	1.042	2	plɛn	2.083	2	pujɛn	32.812	2	pæn	25.0	2	pɯlɛn	27.083	2	pɒn	27.083	2	plæn	0.0	0	plɛn	2.083	2
f ɪ ɡ ə ɹ ɪ ŋ	fɻɣiɾɯɳːɖ	24.405	1	fɪgjɜ˞ɪŋ	5.357	4	figurɛːɲ	6.845	2	 Figuːrɪn	8.333	2	fɪgjɜ˞ɪŋ	5.357	4	fɪgjɜ˞ɪŋ	5.357	4	figuɾiɣ	7.44	2	se̞giwe̞n	11.012	1	fɪgjə˞ɪŋ	5.357	4	figɾɯɾɯɲ	18.75	2	ɕɕɕɛɕ	46.131	1	figurænɣ	22.917	2	fiɡjɯɾiŋ	18.155	2
b ɑː ɹ b æ ɹ ɪ k	arberik	17.969	2	ɑɹbæɹɪk	13.021	2	arbarik	17.969	2	ʔrbarʔic	24.219	1	ɑɹbɛɹɪk	14.062	2	ɑɹbɛɹɪk	14.062	2	ɛrbɛɾɛk	20.052	2	aberɛk	28.646	2	ɑɹbɛrɪk	15.885	2	arbɛɾɛk	18.49	2	aɾbɛɾik	18.49	2	 arbaric	18.49	2	ɛrbɛrɛk	20.052	2
s m ɛ l d	smɛld	0.0	0	smɛl̴d	833	4	smɛlːd	833	4	smeld	833	2	smɛld	0.0	0	smɛl̴d	833	4	smɛld	0.0	0	smɛwd	7.083	2	smɛl̴d	833	4	smɛld	0.0	0	smeɒd	7.917	2	smæld	1.667	2	smɛld	0.0	0
k ə l æ b ə ɹ e ɪ ʃ ə n	kɕɕɔlːaːbɾɕɛnː	25.0	1	kəlæbɜ˞eɪʃən	9.201	2	ko̞lːabɯɾe̞ːʂːjɛn	9.201	2	 kælhæːbræːræːræːræː	31.424	1	kəlæbə˞eɪʃən	9.201	4	kəl̴æbɜ˞eɪʃən	9.549	4	ko̞ɭaɾabo̞ɾɛɕɛn	17.708	2	ko̞ɴabe̞ɕe̞n	29.688	2	kəlæbə˞eɪʃən	9.201	4	kɒlɛbɒreːt͡ɕɛn	14.062	2	kɯɯɯɯ	59.722	1	kolabːaræːiːtˤʃɪn	13.715	2	kollabɛɾeːɕɛn	14.236	2
s ɜː f	sɾf	11.111	2	sɜ˞f	4.861	4	sɯɾf	36.111	2	särf	37.5	2	sə˞f	4.861	2	sɜ˞f	4.861	4	sɛɾf	36.111	4	søɾ	15.278	2	sə˞f	4.861	2	sɛrf	36.111	4	seɾɾɯɾ	112.5	1	surf	40.278	1	sɛrf	36.111	2
ɹ a ɪ t	rɑjt	6.25	2	ɹaɪt	0.0	0	ɾaːjt	6.771	2	ræːt	30.729	2	ɹaɪt	0.0	0	ɹaɪt	0.0	0	rɛit	7.813	2	wajt	6.771	2	ɹaɪt	0.0	0	rɒt	29.688	2	ɾɾɯɾ	16.667	1	rɑjt	6.25	4	ɾɛit	7.813	2
b l ə ʊ k s	pɾoːtäpäpäpäpäpäpäpä	229.167	1	bl̴oʊks	2.083	2	blɔːks	18.056	2	blæːks	19.444	2	bloʊks	1.389	4	bl̴oʊks	2.083	2	bɾoːks	20.486	2	blɔyks	2.778	2	bloʊks	1.389	4	blokse	15.972	2	blokɲɲɲɲ	48.264	1	blokes	11.806	2	blɔkɛs	11.111	2
l ɒ ŋ b ə ʊ	blombo	22.222	1	l̴ɔŋboʊ	3.472	2	bluŋbɛɾ	25.0	1	blæmbo	22.917	1	lɔŋboʊ	2.778	4	l̴ɑmboʊ	5.903	2	ʋlaŋbɛɾ	23.611	1	lombɔ	20.833	2	lɔŋboʊ	2.778	4	blumbo	22.222	1	blɯmbo	20.833	2	longbo	12.847	2	blɛŋbɛɾ	25.694	1
ə b s t ɜː ɹ s ɪ v	tɾoːtäːtɾeː	29.861	1	stæsɪv	35.185	1	ɛmːstɛrʂɛ	16.435	1	ɪtˤɑtˤɪ	48.843	1	stɜ˞sɪv	34.954	1	stɑɹsɪf	24.306	1	ɛmːɕtaɾsɛm	9.028	2	ɕitɛɾäsɯn	23.148	1	əbstɜ˞tɪv	13.657	2	pɯstɒtse	24.074	1	pɯɯɯɯɯɯɯɯɯɯ	47.222	1	 Starte	38.194	1	ɛmɕtɛrɕɛ	19.213	1
d ɪ s k ʊ s	disɣas	4.861	2	dɪskəs	1.389	4	diskɑsː	4.514	2	disqas	4.167	2	dɪskʌs	2.083	4	dɪskʌs	2.083	4	diskɛsː	3.472	2	tiskas	4.167	2	dɪskʌs	2.083	4	dɛskas	3.472	2	dɒkɒs	22.222	1	 Diskɑsˤ	4.514	2	diskɛsː	3.472	2
p ɒ l ɪ p l ɔ ɪ d	pɕoːdeːd	42.13	1	pɑlipl̴ɔɪd	1.62	2	pɔlipːlɔjt	3.241	2	policlojd	3.704	2	pɑl̴əplɔɪd	2.083	4	pɑl̴ipl̴ɔɪd	2.083	2	pɒlipːlɔid	1.389	4	pɔliplɔjd	2.315	4	pɑlɪplɔɪd	694	4	polyplɒjɒt	15.278	2	pɒlːiplɒiːd	2.778	2	 Poliploid	1.852	2	poɾiploid	3.009	2
w ɛ ə ɹ ɪ ŋ	waɾɯn	24.306	2	wɛɹɪŋ	16.667	4	wɛːriŋ	20.486	4	wari	37.847	2	wɛɹɪŋ	16.667	4	wɛɹɪŋ	16.667	4	weːɾin	24.306	2	wejn	38.542	2	wɛɹɪŋ	16.667	4	waɾɯɲ	21.875	2	wɾɾɾɾɾ	20.486	1	wærænɣ	18.056	2	weːɾiŋ	21.181	4
æ k s	axs	2.778	2	æks	0.0	0	ɛks	2.778	4	ʔæʃ	25.0	1	æks	0.0	0	æks	0.0	0	ɛkːs	4.167	4	aks	1.389	2	æks	0.0	0	aks	1.389	2	pɒkːs	37.5	1	æks	0.0	0	ɛks	2.778	2
ʌ n d ə b uː b	pɑndɑbɑːbː	19.94	1	əndə˞boʊb	18.155	2	ɔndɛrbɯbː	19.048	2	ʕunderbæːb	34.524	2	əndə˞bub	2.679	2	ʌndə˞boʊb	17.56	2	ɒndɛɾbɔːbɛ	32.143	2	andɻbuːb	3.274	2	ʌndə˞bub	2.083	4	onderbɯb	18.452	2	ɒnɒnɒdɒbɒbɒbɒb	105.357	1	ʔunderbuːb	31.548	2	undɛɾboːb	17.857	2
t͡ʃ æ t s	tɕatʃatːs	103.125	1	tʃæts	27.083	4	t͡ʂatː	30.729	2	ʃat	28.125	2	tʃæts	27.083	4	tʃæts	27.083	4	t͡ʂat͡s	31.771	2	t͡ʃats	1.042	2	tʃæts	27.083	4	t͡sɯt͡s	33.333	2	t͡ʒɒt͡sɒ	18.75	2	 tʃæːts	28.125	4	t͡ʂat͡s	31.771	2
ɪ n iː k ɒ n ə m i	imikonami	3.472	2	ɪnikɑnəmi	1.157	4	inikonomi	2.315	2	ɪkːænamɪ	25.0	2	ɛsmipɔnɔme	16.898	1	ənitɑləme	6.019	2	inkoɳɳɛmi	13.194	2	to̞nɨmi	36.111	1	nitʰɑŋlɤmeɪ	31.019	1	ikonami	24.074	2	inːko̞nɯme̞	13.426	2	 in economy	4.167	1	inikonami	2.315	2
d ɪ n a ɪ j ə b ə ɫ	dɯnäjäbal	12.292	2	dɪnaɪəbəl̴	10.625	4	dɨnajːabɔ	22.5	2	 denijɑbæ	23.542	2	dɪnaɪəbəl̴	10.625	4	dɪnaɪəbəl̴	10.625	4	dɨnibɛl	31.875	2	te̞näːjäboː	23.75	2	dɪnaɪəbəl	10.208	4	dɯnijɛbal	12.292	2	ɯːɯːɯːɯ	62.917	1	deniːjabl	22.708	2	dɨnajabɛl	12.292	2